Link,Date,Title,Type
https://saiht.de/legacy/,2008-04-22,der saiht im internet,legacy_html
https://saiht.de/legacy/impressum.html,2007-06-05,Impressum,legacy_html
https://saiht.de/legacy/projekte/projekte.html,2009-01-20,Projekte des saiht,legacy_html
https://saiht.de/legacy/urlaub/urlaub.html,2013-06-22,Wo war der saiht im Urlaub?,legacy_html
https://saiht.de/legacy/freizeit/freizeit.html,2006-11-24,Freizeitaktivitten des saiht,legacy_html
https://saiht.de/legacy/geschichte/geschichte.html,2006-11-01,interessante Fragen der Geschichte,legacy_html
https://saiht.de/legacy/computer/computer.html,2009-03-24,Computerseite des saiht,legacy_html
https://saiht.de/legacy/glossar/glossar.html,2006-11-10,Glossar,legacy_html
https://saiht.de/legacy/logfeile/logfeile.html,2010-04-05,Chronologie der saiht-Seiten,legacy_html
https://saiht.de/legacy/guestbook.html,2008-05-04,Gstebuch,legacy_html
https://saiht.de/legacy/hardware.html,2006-11-09,verwendete Hardware,legacy_html
https://saiht.de/legacy/computer/html.html,2008-05-19,HTML-Seiten selbst erstellen,legacy_html
https://saiht.de/legacy/physik/physik.html,2008-03-25,Studium zum Diplom-Physiker,legacy_html
https://saiht.de/legacy/projekte/01bibellesen.html,2009-02-19,Bibellesen,legacy_html
https://saiht.de/legacy/projekte/deutsch.html,2007-04-08,Bildung durch Lesen,legacy_html
https://saiht.de/legacy/projekte/02sdw.html,2010-10-10,Schule zur Dienstamtlichen Weiterbildung (SDW),legacy_html
https://saiht.de/legacy/projekte/02leben.html,2007-11-29,Kann Leben durch Zufall entstehen?,legacy_html
https://saiht.de/legacy/projekte/10wahrheit.html,2000-06-29,Was ist Wahrheit?,legacy_html
https://saiht.de/legacy/projekte/08psychologie.html,2000-06-29,Psychologie,legacy_html
https://saiht.de/legacy/projekte/09propaganda.html,2003-06-29,Propaganda und Irrefhrungen,legacy_html
https://saiht.de/legacy/projekte/03jesus.html,2006-02-09,Wann wurde Jesus geboren?,legacy_html
https://saiht.de/legacy/projekte/04ledigsein.html,2008-10-01,Grnde fr das Ledigsein,legacy_html
https://saiht.de/legacy/projekte/05exfreund.html,2006-01-25,Wieso wird aus so vielen Jungs bald ein Exfreund?,legacy_html
https://saiht.de/legacy/projekte/06papier.html,2005-07-29,Wie oft kann man ein Blatt Papier falten?,legacy_html
https://saiht.de/legacy/projekte/07abitur.html,2005-06-22,Wie erhlt man ein Abitur?,legacy_html
https://saiht.de/legacy/projekte/11freundschaft.html,2000-05-24,Freundschaft,legacy_html
https://saiht.de/legacy/projekte/12freiheit.html,2006-04-06,Was ist Freiheit?,legacy_html
https://saiht.de/legacy/projekte/13zeitleiste.html,2009-02-19,Zeitleiste,legacy_html
https://saiht.de/legacy/projekte/14tag.html,2006-01-24,Wie lange ist ein Schpfungstag?,legacy_html
https://saiht.de/legacy/projekte/15nb100.html,2009-01-20,Festplattentausch am Toshiba NB-100,legacy_html
https://saiht.de/legacy/projekte/umfang.html,2013-01-09,Statistik zu saiht.de,legacy_html
https://saiht.de/legacy/projekte/99leer.html,2006-01-24,Leerprojekt,legacy_html
https://saiht.de/legacy/urlaub/2013_usa.html,2014-01-13,USA 2013: From Eastcoast to Westcoast - and back! Including Canada,legacy_html
https://saiht.de/legacy/urlaub/2015_usa.html,2009-01-27,Per Auto quer durch den Osten Nordamerikas,legacy_html
https://saiht.de/legacy/urlaub/2014_schottland.html,2009-01-27,Per Auto quer durch den Osten Nordamerikas,legacy_html
https://saiht.de/legacy/urlaub/2012_westeuropa.html,2013-01-07,Tour durch Westeuropa im sonnigen Herbst - entlang der Côte d`Azur,legacy_html
https://saiht.de/legacy/urlaub/2011_scandinavien.html,2012-11-01,Städtetour nach Skandinavien - und dann einmal um die Ostsee,legacy_html
https://saiht.de/legacy/urlaub/2010_georgien.html,2010-11-18,Zu Besuch bei den Delegierten aus der Ukraine und Georgien,legacy_html
https://saiht.de/legacy/urlaub/2009_jordanien.html,2009-08-10,Mit dem Auto nach Jordanien,legacy_html
https://saiht.de/legacy/urlaub/2008_usa.html,2009-04-22,Die Ostküste der USA: Florida und New York,legacy_html
https://saiht.de/legacy/urlaub/2008_tatra.html,2009-01-01,Herbsturlaub in der Hohen Tatra,legacy_html
https://saiht.de/legacy/urlaub/2008_ruegen.html,2008-05-13,Fahrradurlaub auf Rügen,legacy_html
https://saiht.de/legacy/urlaub/2007_elbrus.html,2008-05-13,Elbrus im Kaukasus,legacy_html
https://saiht.de/legacy/urlaub/2006_italy.html,2006-10-30,Gardasee im Oktober 2006,legacy_html
https://saiht.de/legacy/urlaub/2005_osteuropa.html,2006-02-02,Rundreise durch Sdosteuropa,legacy_html
https://saiht.de/legacy/urlaub/2004_transsib.html,2005-05-05,21000 km mit der Transsibirischen Eisenbahn,legacy_html
https://saiht.de/legacy/urlaub/2003_elbsandstein.html,2007-05-15,Kurzurlaub im Elbsandsteingebirge,legacy_html
https://saiht.de/legacy/urlaub/2002_ukraine.html,2012-12-09,Sommerschule in der Ukraine,legacy_html
https://saiht.de/legacy/urlaub/2001_fahrrad.html,2001-10-03,mit dem Rad nach Rumnien,legacy_html
https://saiht.de/legacy/urlaub/2000_afrika.html,2009-01-01,7 Wochen Afrika,legacy_html
https://saiht.de/legacy/urlaub/1998_thailand.html,2005-02-25,Thailand & Malaysia,legacy_html
https://saiht.de/legacy/urlaub/1997_usa.html,2004-11-29,USA - der Westen,legacy_html
https://saiht.de/legacy/urlaub/1996_erlbach.html,2005-05-05,Erlbach,legacy_html
https://saiht.de/legacy/urlaub/1996_austria_winter.html,2005-06-29,mein erster Winterurlaub,legacy_html
https://saiht.de/legacy/urlaub/liste.html,2012-11-04,Liste der besuchten Lnder des saiht,legacy_html
https://saiht.de/legacy/freizeit/fahrrad.html,2009-03-30,die Fahrradseite,legacy_html
https://saiht.de/legacy/freizeit/tschechien.html,2009-01-20,Unsere Tschechientouren,legacy_html
https://saiht.de/legacy/freizeit/tornowsee.html,2006-11-23,Informationen zum Tornowsee,legacy_html
https://saiht.de/legacy/freizeit/kanu.html,2006-11-25,"Kanu, saiht und Natur",legacy_html
https://saiht.de/legacy/freizeit/motorrad.html,2006-11-06,die Motorradseite,legacy_html
https://saiht.de/legacy/freizeit/einzelevents.html,2008-12-14,Einzelevents,legacy_html
https://saiht.de/legacy/geschichte/aegypten.html,2000-06-29,Die Geschichte Ägyptens,legacy_html
https://saiht.de/legacy/geschichte/maya.html,2000-06-29,Maya,legacy_html
https://saiht.de/legacy/geschichte/angkor.html,2006-12-03,Angkor Wat,legacy_html
https://saiht.de/legacy/geschichte/c14.html,2006-05-06,C14-Zeitbestimmung,legacy_html
https://saiht.de/legacy/computer/history.html,2012-11-20,die saiht-Computergeschichte,legacy_html
https://saiht.de/legacy/computer/atx.html,2000-06-21,Linux schaltet den ATX-Rechner nicht aus,legacy_html
https://saiht.de/legacy/computer/benchmark.html,2016-12-05,Kleine Benchmarkseite des saiht,legacy_html
https://saiht.de/legacy/computer/gdm1963.html,2006-11-24,Synchronisierung des Festfrequenzmonitors GDM 1963 HE,legacy_html
https://saiht.de/legacy/computer/cdrom.html,2004-01-21,Motherboard zerstrt CD-ROM Laufwerke,legacy_html
https://saiht.de/legacy/computer/inder.html,2000-06-22,InderNet,legacy_html
https://saiht.de/legacy/computer/crazy.html,2000-06-06,Wie man selbst gesund bleibt und dabei andere Leute in den Wahnsinn treibt:!,legacy_html
https://saiht.de/legacy/glossar/family.html,2008-11-03,Familie,legacy_html
https://saiht.de/legacy/glossar/handy.html,2014-08-01,Handysammlung,legacy_html
https://saiht.de/legacy/alt.html,1999-11-11,der saiht im web,legacy_html
https://saiht.de/legacy/logfeile/wohnung.html,2006-07-16,Wohnorte auf diesem Planeten,legacy_html
https://saiht.de/legacy/logfeile/gruppe.html,2010-08-09,Gruppenfotos,legacy_html
https://saiht.de/legacy/logfeile/bericht3.html,2006-09-11,Bericht vom 13. 2. 2004,legacy_html
https://saiht.de/legacy/logfeile/bericht2.html,2006-09-11,Bericht vom 14. 11. 2004,legacy_html
https://saiht.de/legacy/logfeile/bericht1.html,2006-09-11,Bericht vom 15. 8. 2003,legacy_html
https://saiht.de/legacy/logfeile/friends.html,2009-09-19,Homepages von Freunden und Bekannten,legacy_html
https://saiht.de/legacy/physik/ranseier.html,2001-03-12,Karl Ranseier ist tot,legacy_html
https://saiht.de/legacy/physik/reform.html,2000-10-12,Mathematikunterricht nach der Bildungsreform,legacy_html
https://saiht.de/legacy/physik/thesis/thesis.html,2006-08-28,"Photoemission on narrow Bandgap II-VI-semiconductors Diplomarbeit HUMBOLDT-UNIVERSITÄT ZU BERLIN
INSTITUT FÜR PHYSIK
AG ELEKTRONISCHE EIGENSCHAFTEN UND SUPRALEITUNG",legacy_html
https://saiht.de/legacy/physik/thesis/diploma.html,2006-08-30,Detailinformationen zur Diplomarbeit,legacy_html
https://saiht.de/legacy/physik/thesis/diplomae.html,2006-08-30,Detailinformationen zur Diplomarbeit,legacy_html
https://saiht.de/legacy/projekte/bibel/bibel1.html,2003-02-25,das Bibelleseprogramm im ersten Jahr,legacy_html
https://saiht.de/legacy/projekte/bibel/bibel2.html,2000-06-06,das Bibelleseprogramm im zweiten Jahr,legacy_html
https://saiht.de/legacy/projekte/bibel/bibel3.html,2000-06-06,das Bibelleseprogramm im dritten Jahr,legacy_html
https://saiht.de/legacy/projekte/auslegung.html,2004-01-08,Beispiel einer extremen (und beiderseits falschen) Bibelauslegung (Rmer 10:2),legacy_html
https://saiht.de/legacy/projekte/zeitleiste/zeit2.html,2006-08-30,Zeitleiste horizontal,legacy_html
https://saiht.de/legacy/projekte/zeitleiste/zeit3.html,2006-08-30,Zeitleiste horizontal,legacy_html
https://saiht.de/legacy/projekte/zeitleiste/zeit4.html,2006-09-07,Zeitleiste horizontal,legacy_html
https://saiht.de/legacy/logfeile/sitemap.html,2007-08-12,Sitemap,legacy_html
https://saiht.de/legacy/urlaub/2013_usa_plan.html,2009-01-27,Per Auto quer durch den Osten Nordamerikas,legacy_html
https://saiht.de/legacy/urlaub/2009_jordan_bilder.html,2009-08-10,Mit dem Auto nach Jordanien,legacy_html
https://saiht.de/legacy/urlaub/2008_usa_bilder.html,2008-12-05,Die Ostküste der USA: Florida und New York,legacy_html
https://saiht.de/legacy/urlaub/1998_italy_winter.html,2005-05-05,Winterurlaub Dolomiten,legacy_html
https://saiht.de/legacy/urlaub/1998_thailand_pic.html,2007-05-26,Thailand & Malaysia - nur die Bilder,legacy_html
https://saiht.de/legacy/urlaub/1997.html,2002-07-02,tote Verweisseite,legacy_html
https://saiht.de/legacy/freizeit/bilder.html,2009-06-22,Unsere Tschechientouren,legacy_html
https://saiht.de/legacy/freizeit/tschechien00.html,2006-12-03,Unsere Tschechientouren,legacy_html
https://saiht.de/legacy/freizeit/einladungen.html,2008-04-19,Unsere Tschechientouren,legacy_html
https://saiht.de/legacy/freizeit/teilnehmer.html,2008-05-23,Teilnehmer der Tschechientouren,legacy_html
https://saiht.de/legacy/freizeit/witz.html,2006-02-03,Unsere Tschechientouren,legacy_html
https://saiht.de/legacy/computer/anmerkung.html,2000-06-21,Anmerkung,legacy_html
