Title,Link,Word Count
"der saiht im internet","https://saiht.de/legacy/",253
"Impressum","https://saiht.de/legacy/impressum.html",594
"Projekte des saiht","https://saiht.de/legacy/projekte/projekte.html",1744
"Wo war der saiht im Urlaub?","https://saiht.de/legacy/urlaub/urlaub.html",2542
"Freizeitaktivitten des saiht","https://saiht.de/legacy/freizeit/freizeit.html",843
"interessante Fragen der Geschichte","https://saiht.de/legacy/geschichte/geschichte.html",518
"Computerseite des saiht","https://saiht.de/legacy/computer/computer.html",540
"Glossar","https://saiht.de/legacy/glossar/glossar.html",1927
"Chronologie der saiht-Seiten","https://saiht.de/legacy/logfeile/logfeile.html",2994
"Gstebuch","https://saiht.de/legacy/guestbook.html",1595
"verwendete Hardware","https://saiht.de/legacy/hardware.html",837
"HTML-Seiten selbst erstellen","https://saiht.de/legacy/computer/html.html",1253
"Studium zum Diplom-Physiker","https://saiht.de/legacy/physik/physik.html",940
"Bibellesen","https://saiht.de/legacy/projekte/01bibellesen.html",1152
"Bildung durch Lesen","https://saiht.de/legacy/projekte/deutsch.html",1348
"Schule zur Dienstamtlichen Weiterbildung (SDW)","https://saiht.de/legacy/projekte/02sdw.html",3379
"Kann Leben durch Zufall entstehen?","https://saiht.de/legacy/projekte/02leben.html",1374
"Was ist Wahrheit?","https://saiht.de/legacy/projekte/10wahrheit.html",272
"Psychologie","https://saiht.de/legacy/projekte/08psychologie.html",120
"Propaganda und Irrefhrungen","https://saiht.de/legacy/projekte/09propaganda.html",391
"Wann wurde Jesus geboren?","https://saiht.de/legacy/projekte/03jesus.html",1750
"Grnde fr das Ledigsein","https://saiht.de/legacy/projekte/04ledigsein.html",1638
"Wieso wird aus so vielen Jungs bald ein Exfreund?","https://saiht.de/legacy/projekte/05exfreund.html",151
"Wie oft kann man ein Blatt Papier falten?","https://saiht.de/legacy/projekte/06papier.html",1004
"Wie erhlt man ein Abitur?","https://saiht.de/legacy/projekte/07abitur.html",1137
"Freundschaft","https://saiht.de/legacy/projekte/11freundschaft.html",249
"Was ist Freiheit?","https://saiht.de/legacy/projekte/12freiheit.html",745
"Zeitleiste","https://saiht.de/legacy/projekte/13zeitleiste.html",825
"Wie lange ist ein Schpfungstag?","https://saiht.de/legacy/projekte/14tag.html",127
"Festplattentausch am Toshiba NB-100","https://saiht.de/legacy/projekte/15nb100.html",745
"Statistik zu saiht.de","https://saiht.de/legacy/projekte/umfang.html",960
"Leerprojekt","https://saiht.de/legacy/projekte/99leer.html",101
"USA 2013: From Eastcoast to Westcoast - and back! Including Canada","https://saiht.de/legacy/urlaub/2013_usa.html",3177
"Per Auto quer durch den Osten Nordamerikas","https://saiht.de/legacy/urlaub/2015_usa.html",866
"Per Auto quer durch den Osten Nordamerikas","https://saiht.de/legacy/urlaub/2014_schottland.html",103
"Tour durch Westeuropa im sonnigen Herbst - entlang der Côte d`Azur","https://saiht.de/legacy/urlaub/2012_westeuropa.html",1716
"Städtetour nach Skandinavien - und dann einmal um die Ostsee","https://saiht.de/legacy/urlaub/2011_scandinavien.html",2334
"Zu Besuch bei den Delegierten aus der Ukraine und Georgien","https://saiht.de/legacy/urlaub/2010_georgien.html",6572
"Mit dem Auto nach Jordanien","https://saiht.de/legacy/urlaub/2009_jordanien.html",4735
"Die Ostküste der USA: Florida und New York","https://saiht.de/legacy/urlaub/2008_usa.html",8099
"Herbsturlaub in der Hohen Tatra","https://saiht.de/legacy/urlaub/2008_tatra.html",2989
"Fahrradurlaub auf Rügen","https://saiht.de/legacy/urlaub/2008_ruegen.html",462
"Elbrus im Kaukasus","https://saiht.de/legacy/urlaub/2007_elbrus.html",638
"Gardasee im Oktober 2006","https://saiht.de/legacy/urlaub/2006_italy.html",753
"Kurzurlaub im Elbsandsteingebirge","https://saiht.de/legacy/urlaub/2003_elbsandstein.html",36
"Sommerschule in der Ukraine","https://saiht.de/legacy/urlaub/2002_ukraine.html",776
"7 Wochen Afrika","https://saiht.de/legacy/urlaub/2000_afrika.html",3083
"Thailand & Malaysia","https://saiht.de/legacy/urlaub/1998_thailand.html",798
"USA - der Westen","https://saiht.de/legacy/urlaub/1997_usa.html",133
"Erlbach","https://saiht.de/legacy/urlaub/1996_erlbach.html",411
"mein erster Winterurlaub","https://saiht.de/legacy/urlaub/1996_austria_winter.html",94
"Liste der besuchten Lnder des saiht","https://saiht.de/legacy/urlaub/liste.html",457
"die Fahrradseite","https://saiht.de/legacy/freizeit/fahrrad.html",2047
"Unsere Tschechientouren","https://saiht.de/legacy/freizeit/tschechien.html",6796
"Informationen zum Tornowsee","https://saiht.de/legacy/freizeit/tornowsee.html",759
"Kanu, saiht und Natur","https://saiht.de/legacy/freizeit/kanu.html",1229
"die Motorradseite","https://saiht.de/legacy/freizeit/motorrad.html",177
"Einzelevents","https://saiht.de/legacy/freizeit/einzelevents.html",1749
"Die Geschichte Ägyptens","https://saiht.de/legacy/geschichte/aegypten.html",1189
"Maya","https://saiht.de/legacy/geschichte/maya.html",4298
"Angkor Wat","https://saiht.de/legacy/geschichte/angkor.html",4101
"C14-Zeitbestimmung","https://saiht.de/legacy/geschichte/c14.html",2841
"die saiht-Computergeschichte","https://saiht.de/legacy/computer/history.html",2181
"Linux schaltet den ATX-Rechner nicht aus","https://saiht.de/legacy/computer/atx.html",912
"Kleine Benchmarkseite des saiht","https://saiht.de/legacy/computer/benchmark.html",4982
"Synchronisierung des Festfrequenzmonitors GDM 1963 HE","https://saiht.de/legacy/computer/gdm1963.html",820
"Motherboard zerstrt CD-ROM Laufwerke","https://saiht.de/legacy/computer/cdrom.html",925
"InderNet","https://saiht.de/legacy/computer/inder.html",272
"Wie man selbst gesund bleibt und dabei andere Leute in den Wahnsinn treibt:!","https://saiht.de/legacy/computer/crazy.html",363
"Familie","https://saiht.de/legacy/glossar/family.html",48
"Handysammlung","https://saiht.de/legacy/glossar/handy.html",838
"der saiht im web","https://saiht.de/legacy/alt.html",251
"Wohnorte auf diesem Planeten","https://saiht.de/legacy/logfeile/wohnung.html",1549
"Gruppenfotos","https://saiht.de/legacy/logfeile/gruppe.html",1283
"Bericht vom 13. 2. 2004","https://saiht.de/legacy/logfeile/bericht3.html",3311
"Bericht vom 14. 11. 2004","https://saiht.de/legacy/logfeile/bericht2.html",7817
"Bericht vom 15. 8. 2003","https://saiht.de/legacy/logfeile/bericht1.html",3565
"Homepages von Freunden und Bekannten","https://saiht.de/legacy/logfeile/friends.html",270
"Karl Ranseier ist tot","https://saiht.de/legacy/physik/ranseier.html",277
"Mathematikunterricht nach der Bildungsreform","https://saiht.de/legacy/physik/reform.html",200
"Photoemission on narrow Bandgap II-VI-semiconductors Diplomarbeit HUMBOLDT-UNIVERSIT&#196;T ZU BERLIN
INSTITUT F&#220;R PHYSIK
AG ELEKTRONISCHE EIGENSCHAFTEN UND SUPRALEITUNG","https://saiht.de/legacy/physik/thesis/thesis.html",862
"Detailinformationen zur Diplomarbeit","https://saiht.de/legacy/physik/thesis/diploma.html",999
"Detailinformationen zur Diplomarbeit","https://saiht.de/legacy/physik/thesis/diplomae.html",955
"vir2qti.cpp","https://saiht.de/legacy/physik/program/vir2qti.cpp",805
"vir2qti.java","https://saiht.de/legacy/physik/program/vir2qti.java",861
"das Bibelleseprogramm im ersten Jahr","https://saiht.de/legacy/projekte/bibel/bibel1.html",6803
"das Bibelleseprogramm im zweiten Jahr","https://saiht.de/legacy/projekte/bibel/bibel2.html",8203
"das Bibelleseprogramm im dritten Jahr","https://saiht.de/legacy/projekte/bibel/bibel3.html",8441
"Beispiel einer extremen (und beiderseits falschen) Bibelauslegung (Rmer 10:2)","https://saiht.de/legacy/projekte/auslegung.html",769
"Zeitleiste horizontal","https://saiht.de/legacy/projekte/zeitleiste/zeit2.html",295
"Zeitleiste horizontal","https://saiht.de/legacy/projekte/zeitleiste/zeit3.html",165
"Zeitleiste horizontal","https://saiht.de/legacy/projekte/zeitleiste/zeit4.html",165
"Sitemap","https://saiht.de/legacy/logfeile/sitemap.html",970
"Per Auto quer durch den Osten Nordamerikas","https://saiht.de/legacy/urlaub/2013_usa_plan.html",886
"Mit dem Auto nach Jordanien","https://saiht.de/legacy/urlaub/2009_jordan_bilder.html",441
"Die Ostküste der USA: Florida und New York","https://saiht.de/legacy/urlaub/2008_usa_bilder.html",210
"Winterurlaub Dolomiten","https://saiht.de/legacy/urlaub/1998_italy_winter.html",24
"Thailand & Malaysia - nur die Bilder","https://saiht.de/legacy/urlaub/1998_thailand_pic.html",14
"tote Verweisseite","https://saiht.de/legacy/urlaub/1997.html",242
"Unsere Tschechientouren","https://saiht.de/legacy/freizeit/bilder.html",215
"Unsere Tschechientouren","https://saiht.de/legacy/freizeit/tschechien00.html",1151
"Unsere Tschechientouren","https://saiht.de/legacy/freizeit/einladungen.html",479
"Teilnehmer der Tschechientouren","https://saiht.de/legacy/freizeit/teilnehmer.html",206
"Unsere Tschechientouren","https://saiht.de/legacy/freizeit/witz.html",52
"Anmerkung","https://saiht.de/legacy/computer/anmerkung.html",86
"vir2qti.cpp","https://saiht.de/legacy/physik/thesis/data/vir2qti.cpp",805
"vir2qti.exe","https://saiht.de/legacy/physik/thesis/data/vir2qti.exe",33605
"vir2qti","https://saiht.de/legacy/physik/thesis/data/vir2qti",654
"vir2qti.java","https://saiht.de/legacy/physik/thesis/data/vir2qti.java",861
"vir2qti.class","https://saiht.de/legacy/physik/thesis/data/vir2qti.class",654
