Link,Date,Title,Word Count,Character Count
https://saiht.de/legacy/,2008-04-22,der saiht im internet,253,1617
https://saiht.de/legacy/impressum.html,2007-06-05,Impressum,594,3966
https://saiht.de/legacy/projekte/projekte.html,2009-01-20,Projekte des saiht,1744,11379
https://saiht.de/legacy/urlaub/urlaub.html,2013-06-22,Wo war der saiht im Urlaub?,2542,16398
https://saiht.de/legacy/freizeit/freizeit.html,2006-11-24,Freizeitaktivitten des saiht,843,5360
https://saiht.de/legacy/geschichte/geschichte.html,2006-11-01,interessante Fragen der Geschichte,519,3421
https://saiht.de/legacy/computer/computer.html,2009-03-24,Computerseite des saiht,540,3616
https://saiht.de/legacy/glossar/glossar.html,2006-11-10,Glossar,1975,14159
https://saiht.de/legacy/logfeile/logfeile.html,2010-04-05,Chronologie der saiht-Seiten,3001,18821
https://saiht.de/legacy/guestbook.html,2008-05-04,Gstebuch,1595,9883
https://saiht.de/legacy/hardware.html,2006-11-09,verwendete Hardware,837,5449
https://saiht.de/legacy/computer/html.html,2008-05-19,HTML-Seiten selbst erstellen,1253,7807
https://saiht.de/legacy/physik/physik.html,2008-03-25,Studium zum Diplom-Physiker,948,7058
https://saiht.de/legacy/projekte/01bibellesen.html,2009-02-19,Bibellesen,1152,7565
https://saiht.de/legacy/projekte/deutsch.html,2007-04-08,Bildung durch Lesen,1348,8974
https://saiht.de/legacy/projekte/02sdw.html,2010-10-10,Schule zur Dienstamtlichen Weiterbildung (SDW),3379,22656
https://saiht.de/legacy/projekte/02leben.html,2007-11-29,Kann Leben durch Zufall entstehen?,1385,9734
https://saiht.de/legacy/projekte/10wahrheit.html,2000-06-29,Was ist Wahrheit?,272,1847
https://saiht.de/legacy/projekte/08psychologie.html,2000-06-29,Psychologie,120,833
https://saiht.de/legacy/projekte/09propaganda.html,2003-06-29,Propaganda und Irrefhrungen,391,2625
https://saiht.de/legacy/projekte/03jesus.html,2006-02-09,Wann wurde Jesus geboren?,1755,11146
https://saiht.de/legacy/projekte/04ledigsein.html,2008-10-01,Grnde fr das Ledigsein,1641,10289
https://saiht.de/legacy/projekte/05exfreund.html,2006-01-25,Wieso wird aus so vielen Jungs bald ein Exfreund?,151,972
https://saiht.de/legacy/projekte/06papier.html,2005-07-29,Wie oft kann man ein Blatt Papier falten?,1006,6030
https://saiht.de/legacy/projekte/07abitur.html,2005-06-22,Wie erhlt man ein Abitur?,1137,7779
https://saiht.de/legacy/projekte/11freundschaft.html,2000-05-24,Freundschaft,249,1577
https://saiht.de/legacy/projekte/12freiheit.html,2006-04-06,Was ist Freiheit?,745,4856
https://saiht.de/legacy/projekte/13zeitleiste.html,2009-02-19,Zeitleiste,867,5472
https://saiht.de/legacy/projekte/14tag.html,2006-01-24,Wie lange ist ein Schpfungstag?,127,868
https://saiht.de/legacy/projekte/15nb100.html,2009-01-20,Festplattentausch am Toshiba NB-100,745,4620
https://saiht.de/legacy/projekte/umfang.html,2013-01-09,Statistik zu saiht.de,1106,5951
https://saiht.de/legacy/projekte/99leer.html,2006-01-24,Leerprojekt,101,667
https://saiht.de/legacy/urlaub/2013_usa.html,2014-01-13,USA 2013: From Eastcoast to Westcoast - and back! Including Canada,3177,20590
https://saiht.de/legacy/urlaub/2015_usa.html,2009-01-27,Per Auto quer durch den Osten Nordamerikas,866,5504
https://saiht.de/legacy/urlaub/2014_schottland.html,2009-01-27,Per Auto quer durch den Osten Nordamerikas,103,699
https://saiht.de/legacy/urlaub/2012_westeuropa.html,2013-01-07,Tour durch Westeuropa im sonnigen Herbst - entlang der Côte d`Azur,1716,10960
https://saiht.de/legacy/urlaub/2011_scandinavien.html,2012-11-01,Städtetour nach Skandinavien - und dann einmal um die Ostsee,2334,15039
https://saiht.de/legacy/urlaub/2010_georgien.html,2010-11-18,Zu Besuch bei den Delegierten aus der Ukraine und Georgien,6572,41070
https://saiht.de/legacy/urlaub/2009_jordanien.html,2009-08-10,Mit dem Auto nach Jordanien,4735,28774
https://saiht.de/legacy/urlaub/2008_usa.html,2009-04-22,Die Ostküste der USA: Florida und New York,8100,50872
https://saiht.de/legacy/urlaub/2008_tatra.html,2009-01-01,Herbsturlaub in der Hohen Tatra,2989,19564
https://saiht.de/legacy/urlaub/2008_ruegen.html,2008-05-13,Fahrradurlaub auf Rügen,462,2757
https://saiht.de/legacy/urlaub/2007_elbrus.html,2008-05-13,Elbrus im Kaukasus,638,4043
https://saiht.de/legacy/urlaub/2006_italy.html,2006-10-30,Gardasee im Oktober 2006,753,5103
https://saiht.de/legacy/urlaub/2005_osteuropa.html,2006-02-02,Rundreise durch Sdosteuropa,1452,9635
https://saiht.de/legacy/urlaub/2004_transsib.html,2005-05-05,21000 km mit der Transsibirischen Eisenbahn,362,2556
https://saiht.de/legacy/urlaub/2003_elbsandstein.html,2007-05-15,Kurzurlaub im Elbsandsteingebirge,36,255
https://saiht.de/legacy/urlaub/2002_ukraine.html,2012-12-09,Sommerschule in der Ukraine,776,5470
https://saiht.de/legacy/urlaub/2001_fahrrad.html,2001-10-03,mit dem Rad nach Rumnien,1126,8107
https://saiht.de/legacy/urlaub/2000_afrika.html,2009-01-01,7 Wochen Afrika,3135,20608
https://saiht.de/legacy/urlaub/1998_thailand.html,2005-02-25,Thailand & Malaysia,798,5470
https://saiht.de/legacy/urlaub/1997_usa.html,2004-11-29,USA - der Westen,133,889
https://saiht.de/legacy/urlaub/1996_erlbach.html,2005-05-05,Erlbach,411,2745
https://saiht.de/legacy/urlaub/1996_austria_winter.html,2005-06-29,mein erster Winterurlaub,94,598
https://saiht.de/legacy/urlaub/liste.html,2012-11-04,Liste der besuchten Lnder des saiht,457,3642
https://saiht.de/legacy/freizeit/fahrrad.html,2009-03-30,die Fahrradseite,2128,12740
https://saiht.de/legacy/freizeit/tschechien.html,2009-01-20,Unsere Tschechientouren,6796,44362
https://saiht.de/legacy/freizeit/tornowsee.html,2006-11-23,Informationen zum Tornowsee,760,4876
https://saiht.de/legacy/freizeit/kanu.html,2006-11-25,"Kanu, saiht und Natur",1232,8302
https://saiht.de/legacy/freizeit/motorrad.html,2006-11-06,die Motorradseite,177,1096
https://saiht.de/legacy/freizeit/einzelevents.html,2008-12-14,Einzelevents,1749,11126
https://saiht.de/legacy/geschichte/aegypten.html,2000-06-29,Die Geschichte Ägyptens,1189,7832
https://saiht.de/legacy/geschichte/maya.html,2000-06-29,Maya,4298,30125
https://saiht.de/legacy/geschichte/angkor.html,2006-12-03,Angkor Wat,4101,24569
https://saiht.de/legacy/geschichte/c14.html,2006-05-06,C14-Zeitbestimmung,3025,19132
https://saiht.de/legacy/computer/history.html,2012-11-20,die saiht-Computergeschichte,2182,13494
https://saiht.de/legacy/computer/atx.html,2000-06-21,Linux schaltet den ATX-Rechner nicht aus,912,5802
https://saiht.de/legacy/computer/benchmark.html,2016-12-05,Kleine Benchmarkseite des saiht,5117,24160
https://saiht.de/legacy/computer/gdm1963.html,2006-11-24,Synchronisierung des Festfrequenzmonitors GDM 1963 HE,820,5549
https://saiht.de/legacy/computer/cdrom.html,2004-01-21,Motherboard zerstrt CD-ROM Laufwerke,925,5899
https://saiht.de/legacy/computer/inder.html,2000-06-22,InderNet,272,1822
https://saiht.de/legacy/computer/crazy.html,2000-06-06,Wie man selbst gesund bleibt und dabei andere Leute in den Wahnsinn treibt:!,363,2342
https://saiht.de/legacy/glossar/family.html,2008-11-03,Familie,48,270
https://saiht.de/legacy/glossar/handy.html,2014-08-01,Handysammlung,876,4763
https://saiht.de/legacy/alt.html,1999-11-11,der saiht im web,251,1592
https://saiht.de/legacy/logfeile/wohnung.html,2006-07-16,Wohnorte auf diesem Planeten,1568,10050
https://saiht.de/legacy/logfeile/gruppe.html,2010-08-09,Gruppenfotos,1283,8742
https://saiht.de/legacy/logfeile/bericht3.html,2006-09-11,Bericht vom 13. 2. 2004,3312,21543
https://saiht.de/legacy/logfeile/bericht2.html,2006-09-11,Bericht vom 14. 11. 2004,7820,49087
https://saiht.de/legacy/logfeile/bericht1.html,2006-09-11,Bericht vom 15. 8. 2003,3568,22283
https://saiht.de/legacy/logfeile/friends.html,2009-09-19,Homepages von Freunden und Bekannten,270,1729
https://saiht.de/legacy/physik/ranseier.html,2001-03-12,Karl Ranseier ist tot,277,1865
https://saiht.de/legacy/physik/reform.html,2000-10-12,Mathematikunterricht nach der Bildungsreform,200,1329
https://saiht.de/legacy/physik/thesis/thesis.html,2006-08-28,"Photoemission on narrow Bandgap II-VI-semiconductors Diplomarbeit HUMBOLDT-UNIVERSITÄT ZU BERLIN
INSTITUT FÜR PHYSIK
AG ELEKTRONISCHE EIGENSCHAFTEN UND SUPRALEITUNG",880,5225
https://saiht.de/legacy/physik/thesis/diploma.html,2006-08-30,Detailinformationen zur Diplomarbeit,1030,7074
https://saiht.de/legacy/physik/thesis/diplomae.html,2006-08-30,Detailinformationen zur Diplomarbeit,997,6132
https://saiht.de/legacy/projekte/bibel/bibel1.html,2003-02-25,das Bibelleseprogramm im ersten Jahr,6803,41164
https://saiht.de/legacy/projekte/bibel/bibel2.html,2000-06-06,das Bibelleseprogramm im zweiten Jahr,8203,47901
https://saiht.de/legacy/projekte/bibel/bibel3.html,2000-06-06,das Bibelleseprogramm im dritten Jahr,8441,49084
https://saiht.de/legacy/projekte/auslegung.html,2004-01-08,Beispiel einer extremen (und beiderseits falschen) Bibelauslegung (Rmer 10:2),769,4854
https://saiht.de/legacy/projekte/zeitleiste/zeit2.html,2006-08-30,Zeitleiste horizontal,814,4077
https://saiht.de/legacy/projekte/zeitleiste/zeit3.html,2006-08-30,Zeitleiste horizontal,212,1208
https://saiht.de/legacy/projekte/zeitleiste/zeit4.html,2006-09-07,Zeitleiste horizontal,212,1208
https://saiht.de/legacy/logfeile/sitemap.html,2007-08-12,Sitemap,970,6652
https://saiht.de/legacy/urlaub/2013_usa_plan.html,2009-01-27,Per Auto quer durch den Osten Nordamerikas,886,5639
https://saiht.de/legacy/urlaub/2009_jordan_bilder.html,2009-08-10,Mit dem Auto nach Jordanien,441,2514
https://saiht.de/legacy/urlaub/2008_usa_bilder.html,2008-12-05,Die Ostküste der USA: Florida und New York,210,1126
https://saiht.de/legacy/urlaub/1998_italy_winter.html,2005-05-05,Winterurlaub Dolomiten,24,140
https://saiht.de/legacy/urlaub/1998_thailand_pic.html,2007-05-26,Thailand & Malaysia - nur die Bilder,14,93
https://saiht.de/legacy/urlaub/1997.html,2002-07-02,tote Verweisseite,272,1769
https://saiht.de/legacy/freizeit/bilder.html,2009-06-22,Unsere Tschechientouren,215,1257
https://saiht.de/legacy/freizeit/tschechien00.html,2006-12-03,Unsere Tschechientouren,1203,7297
https://saiht.de/legacy/freizeit/einladungen.html,2008-04-19,Unsere Tschechientouren,479,3038
https://saiht.de/legacy/freizeit/teilnehmer.html,2008-05-23,Teilnehmer der Tschechientouren,206,1387
https://saiht.de/legacy/freizeit/witz.html,2006-02-03,Unsere Tschechientouren,52,364
https://saiht.de/legacy/computer/anmerkung.html,2000-06-21,Anmerkung,86,566
